"Product Categories","Unique Product Categories"
"Amino Acids","Amino Acids"
"Amino Acids","Amino Acids"
"Amino Acids","Antioxidant"
"Amino Acids","Bee Products"
"Amino Acids","Brewers Yeast/Nutritional Yeast"
"Amino Acids","Cholesterol/Cardiovascular Support"
"Amino Acids","CoQ10"
"Amino Acids","Detox Support"
"Amino Acids","Diet/Weight Management"
"Amino Acids","Diet/Weight Management/Sports Nutrition"
"Amino Acids","Digestive Support"
"Amino Acids","Fiber Supplement"
"Amino Acids","Green Foods"
"Amino Acids","Healthy Foods"
"Amino Acids","Herbs & Mushrooms"
"Amino Acids","Immune System Support"
"Amino Acids","Joint & Structural Support"
"Amino Acids","Joint Pain & Mobility"
"Amino Acids","Men's Specialty Formulas"
"Amino Acids","Mental Fitness/Sleep and Mood Support"
"Amino Acids","Minerals"
"Amino Acids","Nutritional Oils"
"Amino Acids","Personal Care"
"Amino Acids","Sports Nutrition"
"Antioxidant","Stevia"
"Antioxidant","Vitamins"
"Antioxidant","Women's Specialty Formula"
"Antioxidant",
"Antioxidant",
"Antioxidant",
"Antioxidant",
"Antioxidant",
"Antioxidant",
"Antioxidant",
"Antioxidant",
"Antioxidant",
"Antioxidant",
"Antioxidant",
"Antioxidant",
"Antioxidant",
"Bee Products",
"Brewers Yeast/Nutritional Yeast",
"Brewers Yeast/Nutritional Yeast",
"Cholesterol/Cardiovascular Support",
"Cholesterol/Cardiovascular Support",
"Cholesterol/Cardiovascular Support",
"Cholesterol/Cardiovascular Support",
"Cholesterol/Cardiovascular Support",
"Cholesterol/Cardiovascular Support",
"Cholesterol/Cardiovascular Support",
"Cholesterol/Cardiovascular Support",
"Cholesterol/Cardiovascular Support",
"Cholesterol/Cardiovascular Support",
"Cholesterol/Cardiovascular Support",
"CoQ10",
"CoQ10",
"CoQ10",
"CoQ10",
"CoQ10",
"CoQ10",
"CoQ10",
"Detox Support",
"Diet/Weight Management",
"Diet/Weight Management",
"Diet/Weight Management",
"Diet/Weight Management",
"Diet/Weight Management",
"Diet/Weight Management",
"Diet/Weight Management",
"Diet/Weight Management",
"Diet/Weight Management",
"Diet/Weight Management",
"Diet/Weight Management",
"Diet/Weight Management",
"Diet/Weight Management",
"Diet/Weight Management",
"Diet/Weight Management",
"Diet/Weight Management",
"Diet/Weight Management/Sports Nutrition",
"Digestive Support",
"Digestive Support",
"Digestive Support",
"Digestive Support",
"Digestive Support",
"Digestive Support",
"Digestive Support",
"Digestive Support",
"Digestive Support",
"Digestive Support",
"Digestive Support",
"Fiber Supplement",
"Fiber Supplement",
"Fiber Supplement",
"Fiber Supplement",
"Fiber Supplement",
"Green Foods",
"Green Foods",
"Green Foods",
"Green Foods",
"Green Foods",
"Green Foods",
"hea",
"Healthy Foods",
"Healthy Foods",
"Healthy Foods",
"Healthy Foods",
"Healthy Foods",
"Healthy Foods",
"Healthy Foods",
"Healthy Foods",
"Healthy Foods",
"Healthy Foods",
"Healthy Foods",
"Healthy Foods",
"Healthy Foods",
"Healthy Foods",
"Healthy Foods",
"Healthy Foods",
"Healthy Foods",
"Healthy Foods",
"Healthy Foods",
"Healthy Foods",
"Healthy Foods",
"Healthy Foods",
"Healthy Foods",
"Healthy Foods",
"Healthy Foods",
"Healthy Foods",
"Herbs & Mushrooms",
"Herbs & Mushrooms",
"Herbs & Mushrooms",
"Herbs & Mushrooms",
"Herbs & Mushrooms",
"Herbs & Mushrooms",
"Herbs & Mushrooms",
"Herbs & Mushrooms",
"Herbs & Mushrooms",
"Herbs & Mushrooms",
"Herbs & Mushrooms",
"Herbs & Mushrooms",
"Herbs & Mushrooms",
"Herbs & Mushrooms",
"Herbs & Mushrooms",
"Herbs & Mushrooms",
"Herbs & Mushrooms",
"Herbs & Mushrooms",
"Herbs & Mushrooms",
"Immune System Support",
"Immune System Support",
"Immune System Support",
"Immune System Support",
"Joint & Structural Support",
"Joint & Structural Support",
"Joint & Structural Support",
"Joint Pain & Mobility",
"Joint Pain & Mobility",
"Joint Pain & Mobility",
"Joint Pain & Mobility",
"Joint Pain & Mobility",
"Joint Pain & Mobility",
"Joint Pain & Mobility",
"Joint Pain & Mobility",
"Joint Pain & Mobility",
"Joint Pain & Mobility",
"Men's Specialty Formulas",
"Men's Specialty Formulas",
"Mental Fitness/Sleep and Mood Support",
"Mental Fitness/Sleep and Mood Support",
"Mental Fitness/Sleep and Mood Support",
"Mental Fitness/Sleep and Mood Support",
"Mental Fitness/Sleep and Mood Support",
"Mental Fitness/Sleep and Mood Support",
"Mental Fitness/Sleep and Mood Support",
"Minerals",
"Minerals",
"Minerals",
"Minerals",
"Minerals",
"Nutritional Oils",
"Nutritional Oils",
"Nutritional Oils",
"Nutritional Oils",
"Nutritional Oils",
"Nutritional Oils",
"Nutritional Oils",
"Nutritional Oils",
"Nutritional Oils",
"Nutritional Oils",
"Personal Care",
"Personal Care",
"Personal Care",
"Personal Care",
"Personal Care",
"Personal Care",
"Personal Care",
"Personal Care",
"Personal Care",
"Personal Care",
"Personal Care",
"Personal Care",
"Personal Care",
"Personal Care",
"Personal Care",
"Personal Care",
"Personal Care",
"Personal Care",
"Personal Care",
"Personal Care",
"Personal Care",
"Personal Care",
"Personal Care",
"Personal Care",
"Personal Care",
"Personal Care",
"Sports Nutrition",
"Sports Nutrition",
"Sports Nutrition",
"Sports Nutrition",
"Sports Nutrition",
"Sports Nutrition",
"Sports Nutrition",
"Sports Nutrition",
"Sports Nutrition",
"Sports Nutrition",
"Sports Nutrition",
"Sports Nutrition",
"Sports Nutrition",
"Sports Nutrition",
"Sports Nutrition",
"Sports Nutrition",
"Sports Nutrition",
"Sports Nutrition",
"Sports Nutrition",
"Sports Nutrition",
"Sports Nutrition",
"Sports Nutrition",
"Stevia",
"Stevia",
"Stevia",
"Vitamins",
"Vitamins",
"Vitamins",
"Vitamins",
"Vitamins",
"Vitamins",
"Vitamins",
"Vitamins",
"Vitamins",
"Vitamins",
"Vitamins",
"Vitamins",
"Vitamins",
"Vitamins",
"Vitamins",
"Vitamins",
"Vitamins",
"Vitamins",
"Vitamins",
"Vitamins",
"Vitamins",
"Vitamins",
"Vitamins",
"Vitamins",
"Vitamins",
"Vitamins",
"Vitamins",
"Vitamins",
"Vitamins",
"Vitamins",
"Vitamins",
"Vitamins",
"Vitamins",
"Vitamins",
"Vitamins",
"Vitamins",
"Vitamins",
"Vitamins",
"Vitamins",
"Vitamins",
"Vitamins",
"Vitamins",
"Vitamins",
"Vitamins",
"Vitamins",
"Vitamins",
"Vitamins",
"Vitamins",
"Vitamins",
"Women's Specialty Formula",
"Women's Specialty Formula",
"Women's Specialty Formula",
